true_label,predicted_label,probability
0,0,0.23306529073132215
1,1,0.9706138067428748
0,0,0.2933741677279242
1,1,0.9457107313528701
1,1,0.9619421425783479
1,1,0.8280639510455758
1,1,0.9286594593842965
1,1,0.9546096392114508
1,1,0.9653317359440388
0,0,0.7303993382890775
1,1,0.9905329675702962